[{"title": "The Future of Finance: How AI and Machine Learning are Shaping Investment Strategies", "image": "https://tse3.mm.bing.net/th?id=OIP.VkUJWErc2BLNtYcbx9JE6QHaEh&pid=Api&P=0&h=180", "description": "The future of finance is increasingly being shaped by the integration of artificial intelligence (AI) and machine learning (ML), revolutionizing investment strategies across the globe. AI and ML algorithms are now used to analyze vast amounts of financial data, identify patterns, and predict market trends with a level of precision that was once impossible. For example, hedge funds like Renaissance Technologies use machine learning models to detect market inefficiencies, allowing them to make high-frequency trades based on predictive analytics. Another real-world application is the robo-advisors, such as Betterment and Wealthfront, which leverage AI to create personalized investment portfolios for individuals, automating portfolio management and rebalancing. Furthermore, AI-powered platforms like AlphaSense and Sentifi use natural language processing (NLP) to analyze news and earnings reports, helping investors anticipate market movements before they happen. As these technologies evolve, they are expected to enhance risk management, improve portfolio diversification, and create more accurate financial forecasts, making investment strategies smarter and more accessible."}, {"title": "Understanding Financial Statements: A Beginner\u2019s Guide to Key Metrics and What They Reveal", "image": "https://tse2.mm.bing.net/th?id=OIP.iR-dNjMaesfh474NL5aA7gHaEW&pid=Api&P=0&h=180", "description": "Understanding financial statements is crucial for anyone interested in analyzing a company\u2019s performance and making informed investment decisions. Financial statements typically include the balance sheet, income statement, and cash flow statement, each revealing different aspects of a company\u2019s financial health. For instance, the income statement shows the company's profitability over a specific period, highlighting key metrics like revenue, gross profit, and net income. For example, Tesla\u2019s income statement reveals how revenue from electric car sales and energy products contributes to its overall profitability. The balance sheet provides a snapshot of a company\u2019s assets, liabilities, and shareholders\u2019 equity at a particular point in time. For instance, Apple\u2019s balance sheet illustrates its massive cash reserves and investments, signaling financial strength. The cash flow statement tracks the flow of cash in and out of the business, showing how well a company generates cash to meet its obligations. Companies like Amazon, which often reinvest earnings into growth, can have substantial cash flow but low profitability in the short term. By understanding these statements, beginners can evaluate a company's operational efficiency, financial stability, and potential for growth, helping them make better investment choices."}, {"title": "The Impact of Economic Cycles on Stock Markets: How to Position Your Portfolio", "image": "https://tse2.mm.bing.net/th?id=OIP.Va6a79mbsKiZpS64hi0RIwHaEK&pid=Api&P=0&h=180", "description": "The impact of economic cycles on stock markets is profound, as different phases of the cycle\u2014expansion, peak, recession, and recovery\u2014can significantly influence market performance and investment strategies. During an expansion, economic growth leads to rising corporate profits and higher stock prices, making it an ideal time to invest in growth stocks. For instance, during the post-2008 recovery, companies like Apple and Amazon saw substantial growth as the economy rebounded. At the peak of the cycle, however, markets can become overvalued, and investors may seek to reduce risk by shifting to defensive stocks or bonds. In contrast, during a recession, stock prices typically fall as corporate earnings decline, and investor sentiment turns negative. A good example is the 2020 market crash during the COVID-19 pandemic, where sectors like travel and hospitality were hit hardest, while tech stocks such as Zoom and Netflix saw growth. During a recovery, as economic conditions stabilize, stocks in cyclical sectors such as consumer goods and industrials tend to perform well. To position a portfolio effectively, investors must be mindful of the economic cycle, diversifying between growth and defensive assets and adjusting their holdings based on market conditions. By doing so, they can manage risk and take advantage of opportunities throughout different phases of the cycle."}, {"title": "Hello", "image": "https://tse2.mm.bing.net/th?id=OIP.P5TBeph_Up6v9UyxLp5RBQAAAA&pid=Api&P=0&h=180", "description": "This is unicorp"}]